ID;Reason for absence;Month of absence;Day of the week;Seasons;Transportation expense;Distance from Residence to Work;Service time;Age;Work load Average/day ;Hit target;Disciplinary failure;Education;Son;Social drinker;Social smoker;Pet;Weight;Height;Body mass index;Absenteeism time in hours;Data
1;26;7;3;1;289;36;13;33;239,554;97;0;1;2;1;0;1;90;172;30;4;03/07/2023
2;0;7;3;1;118;13;18;50;239,554;97;1;1;1;1;0;0;98;178;31;0;03/07/2023
3;23;7;4;1;179;51;18;38;239,554;97;0;1;0;1;0;0;89;170;31;2;04/07/2023
4;7;7;5;1;279;5;14;39;239,554;97;0;1;2;1;1;0;68;168;24;4;05/07/2023
5;23;7;5;1;289;36;13;33;239,554;97;0;1;2;1;0;1;90;172;30;2;05/07/2023
6;23;7;6;1;179;51;18;38;239,554;97;0;1;0;1;0;0;89;170;31;2;06/07/2023
7;22;7;6;1;361;52;3;28;239,554;97;0;1;1;1;0;4;80;172;27;8;06/07/2023
8;23;7;6;1;260;50;11;36;239,554;97;0;1;4;1;0;0;65;168;23;4;06/07/2023
9;19;7;2;1;155;12;14;34;239,554;97;0;1;2;1;0;0;95;196;25;40;02/07/2023
10;22;7;2;1;235;11;14;37;239,554;97;0;3;1;0;0;1;88;172;29;8;02/07/2023
11;1;7;2;1;260;50;11;36;239,554;97;0;1;4;1;0;0;65;168;23;8;02/07/2023
12;1;7;3;1;260;50;11;36;239,554;97;0;1;4;1;0;0;65;168;23;8;03/07/2023
13;11;7;4;1;260;50;11;36;239,554;97;0;1;4;1;0;0;65;168;23;8;04/07/2023
14;11;7;4;1;179;51;18;38;239,554;97;0;1;0;1;0;0;89;170;31;1;04/07/2023
15;23;7;4;1;179;51;18;38;239,554;97;0;1;0;1;0;0;89;170;31;4;04/07/2023
16;14;7;6;1;246;25;16;41;239,554;97;0;1;0;1;0;0;67;170;23;8;06/07/2023
17;23;7;6;1;179;51;18;38;239,554;97;0;1;0;1;0;0;89;170;31;2;06/07/2023
18;21;7;2;1;179;51;18;38;239,554;97;0;1;0;1;0;0;89;170;31;8;02/07/2023
19;11;7;5;1;189;29;13;33;239,554;97;0;1;2;0;0;2;69;167;25;8;05/07/2023
20;23;8;4;1;248;25;14;47;205,917;92;0;1;2;0;0;1;86;165;32;2;04/08/2023
21;10;8;4;1;330;16;4;28;205,917;92;0;2;0;0;0;0;84;182;25;8;04/08/2023
22;11;8;2;1;179;51;18;38;205,917;92;0;1;0;1;0;0;89;170;31;1;02/08/2023
23;13;8;2;1;361;52;3;28;205,917;92;0;1;1;1;0;4;80;172;27;40;02/08/2023
24;28;8;6;1;260;50;11;36;205,917;92;0;1;4;1;0;0;65;168;23;4;06/08/2023
25;18;8;2;1;289;36;13;33;205,917;92;0;1;2;1;0;1;90;172;30;8;02/08/2023
26;25;8;2;1;361;52;3;28;205,917;92;0;1;1;1;0;4;80;172;27;7;02/08/2023
27;23;8;3;1;289;36;13;33;205,917;92;0;1;2;1;0;1;90;172;30;1;03/08/2023
28;28;8;4;1;157;27;6;29;205,917;92;0;1;0;1;1;0;75;185;22;4;04/08/2023
29;18;8;4;1;289;36;13;33;205,917;92;0;1;2;1;0;1;90;172;30;8;04/08/2023
30;23;8;6;1;179;51;18;38;205,917;92;0;1;0;1;0;0;89;170;31;2;06/08/2023
31;18;8;2;1;179;51;18;38;205,917;92;0;1;0;1;0;0;89;170;31;8;02/08/2023
32;18;8;5;1;235;29;12;48;205,917;92;0;1;1;0;1;5;88;163;33;8;05/08/2023
33;23;8;5;1;235;11;14;37;205,917;92;0;3;1;0;0;1;88;172;29;4;05/08/2023
34;18;8;2;1;235;29;12;48;205,917;92;0;1;1;0;1;5;88;163;33;8;02/08/2023
35;23;8;2;1;179;51;18;38;205,917;92;0;1;0;1;0;0;89;170;31;2;02/08/2023
36;23;8;2;1;361;52;3;28;205,917;92;0;1;1;1;0;4;80;172;27;1;02/08/2023
37;24;8;3;1;289;36;13;33;205,917;92;0;1;2;1;0;1;90;172;30;8;03/08/2023
38;11;8;5;1;291;50;12;32;205,917;92;0;1;0;1;0;0;65;169;23;4;05/08/2023
39;28;8;6;1;235;29;12;48;205,917;92;0;1;1;0;1;5;88;163;33;8;06/08/2023
40;23;8;6;1;260;50;11;36;205,917;92;0;1;4;1;0;0;65;168;23;4;06/08/2023
41;23;9;3;1;184;42;7;27;241,476;92;0;1;0;0;0;0;58;167;21;2;03/09/2023
42;23;9;2;1;118;10;10;37;241,476;92;0;1;0;0;0;0;83;172;28;4;02/09/2023
43;23;9;3;1;179;51;18;38;241,476;92;0;1;0;1;0;0;89;170;31;4;03/09/2023
44;19;9;3;1;235;20;13;43;241,476;92;0;1;1;1;0;0;106;167;38;8;03/09/2023
45;23;9;4;1;155;12;14;34;241,476;92;0;1;2;1;0;0;95;196;25;2;04/09/2023
46;23;9;2;1;118;10;10;37;241,476;92;0;1;0;0;0;0;83;172;28;3;02/09/2023
47;23;9;3;1;179;51;18;38;241,476;92;0;1;0;1;0;0;89;170;31;3;03/09/2023
48;23;9;5;1;291;31;12;40;241,476;92;0;1;1;1;0;1;73;171;25;4;05/09/2023
49;22;9;6;1;260;50;11;36;241,476;92;0;1;4;1;0;0;65;168;23;8;06/09/2023
50;14;9;2;4;291;31;12;40;241,476;92;0;1;1;1;0;1;73;171;25;32;02/09/2023
51;0;9;2;4;260;50;11;36;241,476;92;1;1;4;1;0;0;65;168;23;0;02/09/2023
52;0;9;2;4;225;26;9;28;241,476;92;1;1;1;0;0;2;69;169;24;0;02/09/2023
53;23;9;3;4;225;26;9;28;241,476;92;0;1;1;0;0;2;69;169;24;2;03/09/2023
54;23;9;3;4;118;10;10;37;241,476;92;0;1;0;0;0;0;83;172;28;2;03/09/2023
55;0;9;3;4;289;36;13;33;241,476;92;1;1;2;1;0;1;90;172;30;0;03/09/2023
56;0;9;3;4;118;13;18;50;241,476;92;1;1;1;1;0;0;98;178;31;0;03/09/2023
57;18;9;4;4;225;26;9;28;241,476;92;0;1;1;0;0;2;69;169;24;3;04/09/2023
58;23;9;4;4;179;51;18;38;241,476;92;0;1;0;1;0;0;89;170;31;3;04/09/2023
59;0;9;4;4;369;17;12;31;241,476;92;1;1;3;1;0;0;70;169;25;0;04/09/2023
60;23;9;6;4;248;25;14;47;241,476;92;0;1;2;0;0;1;86;165;32;1;06/09/2023
61;23;9;6;4;179;51;18;38;241,476;92;0;1;0;1;0;0;89;170;31;3;06/09/2023
62;23;9;6;4;260;50;11;36;241,476;92;0;1;4;1;0;0;65;168;23;4;06/09/2023
63;23;10;3;4;179;51;18;38;253,465;93;0;1;0;1;0;0;89;170;31;3;03/10/2023
64;23;10;3;4;118;10;10;37;253,465;93;0;1;0;0;0;0;83;172;28;3;03/10/2023
65;0;10;4;4;118;13;18;50;253,465;93;1;1;1;1;0;0;98;178;31;0;04/10/2023
66;23;10;5;4;179;26;9;30;253,465;93;0;3;0;0;0;0;56;171;19;1;05/10/2023
67;23;10;6;4;179;51;18;38;253,465;93;0;1;0;1;0;0;89;170;31;3;06/10/2023
68;23;10;6;4;225;26;9;28;253,465;93;0;1;1;0;0;2;69;169;24;3;06/10/2023
69;23;10;3;4;118;10;10;37;253,465;93;0;1;0;0;0;0;83;172;28;3;03/10/2023
70;23;10;4;4;225;26;9;28;253,465;93;0;1;1;0;0;2;69;169;24;2;04/10/2023
71;23;10;4;4;248;25;14;47;253,465;93;0;1;2;0;0;1;86;165;32;2;04/10/2023
72;23;10;5;4;291;31;12;40;253,465;93;0;1;1;1;0;1;73;171;25;5;05/10/2023
73;23;10;4;4;179;51;18;38;253,465;93;0;1;0;1;0;0;89;170;31;8;04/10/2023
74;23;10;4;4;225;26;9;28;253,465;93;0;1;1;0;0;2;69;169;24;3;04/10/2023
75;19;10;5;4;260;50;11;36;253,465;93;0;1;4;1;0;0;65;168;23;16;05/10/2023
76;14;10;3;4;291;31;12;40;253,465;93;0;1;1;1;0;1;73;171;25;8;03/10/2023
77;28;10;3;4;225;26;9;28;253,465;93;0;1;1;0;0;2;69;169;24;2;03/10/2023
78;26;10;4;4;289;36;13;33;253,465;93;0;1;2;1;0;1;90;172;30;8;04/10/2023
79;23;10;6;4;361;52;3;28;253,465;93;0;1;1;1;0;4;80;172;27;1;06/10/2023
80;28;10;6;4;260;50;11;36;253,465;93;0;1;4;1;0;0;65;168;23;3;06/10/2023
81;23;11;5;4;179;51;18;38;306,345;93;0;1;0;1;0;0;89;170;31;1;05/11/2023
82;23;11;4;4;225;26;9;28;306,345;93;0;1;1;0;0;2;69;169;24;1;04/11/2023
83;13;11;5;4;179;51;18;38;306,345;93;0;1;0;1;0;0;89;170;31;8;05/11/2023
84;21;11;5;4;179;22;17;40;306,345;93;0;2;2;0;1;0;63;170;22;8;05/11/2023
85;23;11;5;4;291;31;12;40;306,345;93;0;1;1;1;0;1;73;171;25;5;05/11/2023
86;10;11;2;4;155;12;14;34;306,345;93;0;1;2;1;0;0;95;196;25;32;02/11/2023
87;22;11;2;4;189;29;13;33;306,345;93;0;1;2;0;0;2;69;167;25;8;02/11/2023
88;14;11;2;4;291;31;12;40;306,345;93;0;1;1;1;0;1;73;171;25;40;02/11/2023
89;23;11;4;4;225;26;9;28;306,345;93;0;1;1;0;0;2;69;169;24;1;04/11/2023
90;6;11;6;4;155;12;14;34;306,345;93;0;1;2;1;0;0;95;196;25;8;06/11/2023
91;23;11;4;4;225;26;9;28;306,345;93;0;1;1;0;0;2;69;169;24;3;04/11/2023
92;21;11;4;4;179;22;17;40;306,345;93;0;2;2;0;1;0;63;170;22;8;04/11/2023
93;13;11;6;4;225;26;9;28;306,345;93;0;1;1;0;0;2;69;169;24;3;06/11/2023
94;28;11;6;4;260;50;11;36;306,345;93;0;1;4;1;0;0;65;168;23;4;06/11/2023
95;28;11;2;4;248;25;14;47;306,345;93;0;1;2;0;0;1;86;165;32;1;02/11/2023
96;28;11;3;4;225;26;9;28;306,345;93;0;1;1;0;0;2;69;169;24;3;03/11/2023
97;7;11;4;4;289;36;13;33;306,345;93;0;1;2;1;0;1;90;172;30;24;04/11/2023
98;23;11;5;4;291;31;12;40;306,345;93;0;1;1;1;0;1;73;171;25;3;05/11/2023
99;23;12;3;4;248;25;14;47;261,306;97;0;1;2;0;0;1;86;165;32;1;03/12/2023
100;19;12;3;4;118;10;10;37;261,306;97;0;1;0;0;0;0;83;172;28;64;03/12/2023
101;23;12;4;4;118;13;18;50;261,306;97;0;1;1;1;0;0;98;178;31;2;04/12/2023
102;26;12;4;4;235;11;14;37;261,306;97;0;3;1;0;0;1;88;172;29;8;04/12/2023
103;23;12;5;4;225;26;9;28;261,306;97;0;1;1;0;0;2;69;169;24;2;05/12/2023
104;26;12;6;4;260;50;11;36;261,306;97;0;1;4;1;0;0;65;168;23;8;06/12/2023
105;19;12;3;4;118;10;10;37;261,306;97;0;1;0;0;0;0;83;172;28;56;03/12/2023
106;22;12;4;4;361;52;3;28;261,306;97;0;1;1;1;0;4;80;172;27;8;04/12/2023
107;28;12;5;4;225;26;9;28;261,306;97;0;1;1;0;0;2;69;169;24;3;05/12/2023
108;28;12;6;4;260;50;11;36;261,306;97;0;1;4;1;0;0;65;168;23;3;06/12/2023
109;23;12;3;4;225;26;9;28;261,306;97;0;1;1;0;0;2;69;169;24;2;03/12/2023
110;22;12;4;4;361;52;3;28;261,306;97;0;1;1;1;0;4;80;172;27;8;04/12/2023
111;27;12;6;4;118;10;10;37;261,306;97;0;1;0;0;0;0;83;172;28;2;06/12/2023
112;19;12;6;2;246;25;16;41;261,306;97;0;1;0;1;0;0;67;170;23;8;06/12/2023
113;23;12;6;2;225;26;9;28;261,306;97;0;1;1;0;0;2;69;169;24;2;06/12/2023
114;23;1;4;2;225;26;9;28;308,593;95;0;1;1;0;0;2;69;169;24;1;04/01/2023
115;19;1;2;2;118;10;10;37;308,593;95;0;1;0;0;0;0;83;172;28;1;02/01/2023
116;27;1;3;2;118;10;10;37;308,593;95;0;1;0;0;0;0;83;172;28;1;03/01/2023
117;18;1;3;2;155;12;14;34;308,593;95;0;1;2;1;0;0;95;196;25;8;03/01/2023
118;27;1;4;2;225;26;9;28;308,593;95;0;1;1;0;0;2;69;169;24;2;04/01/2023
119;23;1;5;2;184;42;7;27;308,593;95;0;1;0;0;0;0;58;167;21;2;05/01/2023
120;28;1;5;2;225;26;9;28;308,593;95;0;1;1;0;0;2;69;169;24;2;05/01/2023
121;27;1;6;2;225;26;9;28;308,593;95;0;1;1;0;0;2;69;169;24;1;06/01/2023
122;27;1;2;2;118;10;10;37;308,593;95;0;1;0;0;0;0;83;172;28;2;02/01/2023
123;27;1;3;2;225;26;9;28;308,593;95;0;1;1;0;0;2;69;169;24;2;03/01/2023
124;27;1;3;2;118;10;10;37;308,593;95;0;1;0;0;0;0;83;172;28;2;03/01/2023
125;27;1;4;2;118;10;10;37;308,593;95;0;1;0;0;0;0;83;172;28;2;04/01/2023
126;27;1;5;2;118;10;10;37;308,593;95;0;1;0;0;0;0;83;172;28;2;05/01/2023
127;27;1;6;2;118;10;10;37;308,593;95;0;1;0;0;0;0;83;172;28;2;06/01/2023
128;27;1;2;2;118;10;10;37;308,593;95;0;1;0;0;0;0;83;172;28;2;02/01/2023
129;27;1;3;2;118;10;10;37;308,593;95;0;1;0;0;0;0;83;172;28;2;03/01/2023
130;18;1;3;2;179;26;9;30;308,593;95;0;3;0;0;0;0;56;171;19;8;03/01/2023
131;18;1;3;2;289;36;13;33;308,593;95;0;1;2;1;0;1;90;172;30;8;03/01/2023
132;27;1;4;2;118;10;10;37;308,593;95;0;1;0;0;0;0;83;172;28;2;04/01/2023
133;23;1;5;2;184;42;7;27;308,593;95;0;1;0;0;0;0;58;167;21;2;05/01/2023
134;27;1;5;2;118;10;10;37;308,593;95;0;1;0;0;0;0;83;172;28;2;05/01/2023
135;27;1;2;2;118;10;10;37;308,593;95;0;1;0;0;0;0;83;172;28;0;02/01/2023
136;23;1;3;2;225;26;9;28;308,593;95;0;1;1;0;0;2;69;169;24;1;03/01/2023
137;22;1;5;2;289;36;13;33;308,593;95;0;1;2;1;0;1;90;172;30;3;05/01/2023
138;23;2;6;2;184;42;7;27;302,585;99;0;1;0;0;0;0;58;167;21;1;06/02/2023
139;1;2;4;2;246;25;16;41;302,585;99;0;1;0;1;0;0;67;170;23;8;04/02/2023
140;11;2;4;2;179;51;18;38;302,585;99;0;1;0;1;0;0;89;170;31;8;04/02/2023
141;28;2;5;2;155;12;14;34;302,585;99;0;1;2;1;0;0;95;196;25;2;05/02/2023
142;23;2;5;2;189;29;13;33;302,585;99;0;1;2;0;0;2;69;167;25;8;05/02/2023
143;28;2;6;2;260;50;11;36;302,585;99;0;1;4;1;0;0;65;168;23;2;06/02/2023
144;22;2;6;2;289;36;13;33;302,585;99;0;1;2;1;0;1;90;172;30;8;06/02/2023
145;11;2;2;2;388;15;9;50;302,585;99;0;1;0;0;0;0;76;178;24;8;02/02/2023
146;1;2;3;2;388;15;9;50;302,585;99;0;1;0;0;0;0;76;178;24;8;03/02/2023
147;28;2;2;2;225;26;9;28;302,585;99;0;1;1;0;0;2;69;169;24;2;02/02/2023
148;23;2;3;2;225;26;9;28;302,585;99;0;1;1;0;0;2;69;169;24;2;03/02/2023
149;23;2;3;2;179;26;9;30;302,585;99;0;3;0;0;0;0;56;171;19;1;03/02/2023
150;23;2;3;2;184;42;7;27;302,585;99;0;1;0;0;0;0;58;167;21;8;03/02/2023
151;25;2;5;2;225;26;9;28;302,585;99;0;1;1;0;0;2;69;169;24;3;05/02/2023
152;18;2;2;2;330;16;4;28;302,585;99;0;2;0;0;0;0;84;182;25;8;02/02/2023
153;23;2;3;2;330;16;4;28;302,585;99;0;2;0;0;0;0;84;182;25;1;03/02/2023
154;23;2;4;2;225;26;9;28;302,585;99;0;1;1;0;0;2;69;169;24;1;04/02/2023
155;19;2;5;2;189;29;13;33;302,585;99;0;1;2;0;0;2;69;167;25;8;05/02/2023
156;28;3;3;2;291;50;12;32;343,253;95;0;1;0;1;0;0;65;169;23;2;03/03/2023
157;19;3;3;2;260;50;11;36;343,253;95;0;1;4;1;0;0;65;168;23;8;03/03/2023
158;19;3;3;2;157;27;6;29;343,253;95;0;1;0;1;1;0;75;185;22;3;03/03/2023
159;17;3;3;2;179;22;17;40;343,253;95;0;2;2;0;1;0;63;170;22;8;03/03/2023
160;22;3;4;2;291;31;12;40;343,253;95;0;1;1;1;0;1;73;171;25;8;04/03/2023
161;13;3;4;2;260;50;11;36;343,253;95;0;1;4;1;0;0;65;168;23;8;04/03/2023
162;13;3;5;2;179;26;9;30;343,253;95;0;3;0;0;0;0;56;171;19;8;05/03/2023
163;14;3;6;2;248;25;14;47;343,253;95;0;1;2;0;0;1;86;165;32;3;06/03/2023
164;13;3;6;2;260;50;11;36;343,253;95;0;1;4;1;0;0;65;168;23;40;06/03/2023
165;11;3;2;2;179;22;17;40;343,253;95;0;2;2;0;1;0;63;170;22;40;02/03/2023
166;1;3;2;2;155;12;14;34;343,253;95;0;1;2;1;0;0;95;196;25;16;02/03/2023
167;26;3;2;2;260;50;11;36;343,253;95;0;1;4;1;0;0;65;168;23;16;02/03/2023
168;13;3;3;2;155;12;14;34;343,253;95;0;1;2;1;0;0;95;196;25;8;03/03/2023
169;6;3;5;2;289;36;13;33;343,253;95;0;1;2;1;0;1;90;172;30;8;05/03/2023
170;8;3;5;2;179;22;17;40;343,253;95;0;2;2;0;1;0;63;170;22;8;05/03/2023
171;28;3;6;2;260;50;11;36;343,253;95;0;1;4;1;0;0;65;168;23;4;06/03/2023
172;23;3;6;2;225;26;9;28;343,253;95;0;1;1;0;0;2;69;169;24;1;06/03/2023
173;14;3;2;2;279;5;14;39;343,253;95;0;1;2;1;1;0;68;168;24;8;02/03/2023
174;13;3;3;2;179;51;18;38;343,253;95;0;1;0;1;0;0;89;170;31;24;03/03/2023
175;23;3;4;2;225;26;9;28;343,253;95;0;1;1;0;0;2;69;169;24;2;04/03/2023
176;11;3;2;3;225;26;9;28;343,253;95;0;1;1;0;0;2;69;169;24;8;02/03/2023
177;13;3;2;3;179;26;9;30;343,253;95;0;3;0;0;0;0;56;171;19;1;02/03/2023
178;11;3;3;3;225;26;9;28;343,253;95;0;1;1;0;0;2;69;169;24;8;03/03/2023
179;11;3;4;3;225;26;9;28;343,253;95;0;1;1;0;0;2;69;169;24;16;04/03/2023
180;13;3;4;3;179;51;18;38;343,253;95;0;1;0;1;0;0;89;170;31;3;04/03/2023
181;14;3;5;3;279;5;14;39;343,253;95;0;1;2;1;1;0;68;168;24;16;05/03/2023
182;28;3;6;3;225;26;9;28;343,253;95;0;1;1;0;0;2;69;169;24;2;06/03/2023
183;14;3;6;3;248;25;14;47;343,253;95;0;1;2;0;0;1;86;165;32;3;06/03/2023
184;28;3;2;3;225;26;9;28;343,253;95;0;1;1;0;0;2;69;169;24;1;02/03/2023
185;28;4;4;3;291;31;12;40;326,452;96;0;1;1;1;0;1;73;171;25;1;04/04/2023
186;23;4;4;3;225;26;9;28;326,452;96;0;1;1;0;0;2;69;169;24;1;04/04/2023
187;28;4;3;3;155;12;14;34;326,452;96;0;1;2;1;0;0;95;196;25;1;03/04/2023
188;13;4;4;3;246;25;16;41;326,452;96;0;1;0;1;0;0;67;170;23;24;04/04/2023
189;23;4;5;3;155;12;14;34;326,452;96;0;1;2;1;0;0;95;196;25;1;05/04/2023
190;28;4;6;3;225;26;9;28;326,452;96;0;1;1;0;0;2;69;169;24;2;06/04/2023
191;28;4;6;3;260;50;11;36;326,452;96;0;1;4;1;0;0;65;168;23;4;06/04/2023
192;13;4;4;3;179;51;18;38;326,452;96;0;1;0;1;0;0;89;170;31;24;04/04/2023
193;23;4;5;3;118;13;18;50;326,452;96;0;1;1;1;0;0;98;178;31;1;05/04/2023
194;23;4;6;3;291;31;12;40;326,452;96;0;1;1;1;0;1;73;171;25;3;06/04/2023
195;14;4;6;3;246;25;16;41;326,452;96;0;1;0;1;0;0;67;170;23;8;06/04/2023
196;28;4;6;3;291;31;12;40;326,452;96;0;1;1;1;0;1;73;171;25;1;06/04/2023
197;28;4;6;3;248;25;14;47;326,452;96;0;1;2;0;0;1;86;165;32;8;06/04/2023
198;19;4;6;3;260;50;11;36;326,452;96;0;1;4;1;0;0;65;168;23;56;06/04/2023
199;19;4;3;3;289;36;13;33;326,452;96;0;1;2;1;0;1;90;172;30;8;03/04/2023
200;12;4;4;3;155;12;14;34;326,452;96;0;1;2;1;0;0;95;196;25;24;04/04/2023
201;19;4;4;3;378;49;11;36;326,452;96;0;1;2;0;1;4;65;174;21;8;04/04/2023
202;13;4;5;3;289;36;13;33;326,452;96;0;1;2;1;0;1;90;172;30;16;05/04/2023
203;7;4;6;3;235;11;14;37;326,452;96;0;3;1;0;0;1;88;172;29;3;06/04/2023
204;0;4;2;3;235;29;12;48;326,452;96;1;1;1;0;1;5;88;163;33;0;02/04/2023
205;13;5;4;3;289;36;13;33;378,884;92;0;1;2;1;0;1;90;172;30;8;04/05/2023
206;28;5;5;3;155;12;14;34;378,884;92;0;1;2;1;0;0;95;196;25;2;05/05/2023
207;28;5;2;3;155;12;14;34;378,884;92;0;1;2;1;0;0;95;196;25;1;02/05/2023
208;18;5;3;3;179;51;18;38;378,884;92;0;1;0;1;0;0;89;170;31;8;03/05/2023
209;19;5;3;3;225;26;9;28;378,884;92;0;1;1;0;0;2;69;169;24;8;03/05/2023
210;7;5;4;3;184;42;7;27;378,884;92;0;1;0;0;0;0;58;167;21;4;04/05/2023
211;28;5;2;3;155;12;14;34;378,884;92;0;1;2;1;0;0;95;196;25;2;02/05/2023
212;12;5;3;3;179;51;18;38;378,884;92;0;1;0;1;0;0;89;170;31;1;03/05/2023
213;13;5;4;3;289;36;13;33;378,884;92;0;1;2;1;0;1;90;172;30;24;04/05/2023
214;0;5;4;3;279;5;14;39;378,884;92;1;1;2;1;1;0;68;168;24;0;04/05/2023
215;0;5;4;3;330;16;4;28;378,884;92;1;2;0;0;0;0;84;182;25;0;04/05/2023
216;0;5;4;3;378;49;11;36;378,884;92;1;1;2;0;1;4;65;174;21;0;04/05/2023
217;0;5;4;3;388;15;9;50;378,884;92;1;1;0;0;0;0;76;178;24;0;04/05/2023
218;11;5;3;3;179;51;18;38;378,884;92;0;1;0;1;0;0;89;170;31;1;03/05/2023
219;13;5;4;3;118;13;18;50;378,884;92;0;1;1;1;0;0;98;178;31;24;04/05/2023
220;22;5;6;3;361;52;3;28;378,884;92;0;1;1;1;0;4;80;172;27;8;06/05/2023
221;19;6;2;3;246;25;16;41;377,55;94;0;1;0;1;0;0;67;170;23;8;02/06/2023
222;22;6;2;3;361;52;3;28;377,55;94;0;1;1;1;0;4;80;172;27;8;02/06/2023
223;10;6;3;3;246;25;16;41;377,55;94;0;1;0;1;0;0;67;170;23;24;03/06/2023
224;23;6;5;3;291;31;12;40;377,55;94;0;1;1;1;0;1;73;171;25;4;05/06/2023
225;10;6;6;3;246;25;16;41;377,55;94;0;1;0;1;0;0;67;170;23;8;06/06/2023
226;11;6;2;3;179;51;18;38;377,55;94;0;1;0;1;0;0;89;170;31;8;02/06/2023
227;23;6;2;3;155;12;14;34;377,55;94;0;1;2;1;0;0;95;196;25;4;02/06/2023
228;10;6;2;3;246;25;16;41;377,55;94;0;1;0;1;0;0;67;170;23;8;02/06/2023
229;13;6;4;3;118;13;18;50;377,55;94;0;1;1;1;0;0;98;178;31;8;04/06/2023
230;13;6;6;3;235;11;14;37;377,55;94;0;3;1;0;0;1;88;172;29;16;06/06/2023
231;23;6;3;3;118;13;18;50;377,55;94;0;1;1;1;0;0;98;178;31;1;03/06/2023
232;13;6;4;3;118;13;18;50;377,55;94;0;1;1;1;0;0;98;178;31;80;04/06/2023
233;22;6;5;3;378;49;11;36;377,55;94;0;1;2;0;1;4;65;174;21;8;05/06/2023
234;11;6;6;3;179;51;18;38;377,55;94;0;1;0;1;0;0;89;170;31;2;06/06/2023
235;28;6;2;1;289;48;29;49;377,55;94;0;1;0;0;0;2;108;172;36;2;02/06/2023
236;28;6;5;1;225;26;9;28;377,55;94;0;1;1;0;0;2;69;169;24;2;05/06/2023
237;19;7;3;1;155;12;14;34;275,312;98;0;1;2;1;0;0;95;196;25;16;03/07/2023
238;1;7;4;1;118;13;18;50;275,312;98;0;1;1;1;0;0;98;178;31;8;04/07/2023
239;5;7;6;1;118;10;10;37;275,312;98;0;1;0;0;0;0;83;172;28;8;06/07/2023
240;26;7;6;1;118;10;10;37;275,312;98;0;1;0;0;0;0;83;172;28;4;06/07/2023
241;26;7;3;1;330;16;4;28;275,312;98;0;2;0;0;0;0;84;182;25;8;03/07/2023
242;18;7;5;1;179;26;9;30;275,312;98;0;3;0;0;0;0;56;171;19;8;05/07/2023
243;25;7;6;1;155;12;14;34;275,312;98;0;1;2;1;0;0;95;196;25;2;06/07/2023
244;1;7;2;1;330;16;4;28;275,312;98;0;2;0;0;0;0;84;182;25;8;02/07/2023
245;1;7;3;1;330;16;4;28;275,312;98;0;2;0;0;0;0;84;182;25;8;03/07/2023
246;25;7;2;1;157;27;6;29;275,312;98;0;1;0;1;1;0;75;185;22;3;02/07/2023
247;22;7;3;1;361;52;3;28;275,312;98;0;1;1;1;0;4;80;172;27;8;03/07/2023
248;26;7;4;1;289;36;13;33;275,312;98;0;1;2;1;0;1;90;172;30;8;04/07/2023
249;26;7;5;1;179;51;18;38;275,312;98;0;1;0;1;0;0;89;170;31;8;05/07/2023
250;19;7;2;1;289;36;13;33;275,312;98;0;1;2;1;0;1;90;172;30;32;02/07/2023
251;19;7;5;1;289;36;13;33;275,312;98;0;1;2;1;0;1;90;172;30;8;05/07/2023
252;0;7;5;1;260;50;11;36;275,312;98;1;1;4;1;0;0;65;168;23;0;05/07/2023
253;19;8;6;1;289;36;13;33;265,615;94;0;1;2;1;0;1;90;172;30;8;06/08/2023
254;19;8;6;1;157;27;6;29;265,615;94;0;1;0;1;1;0;75;185;22;3;06/08/2023
255;23;8;2;1;289;36;13;33;265,615;94;0;1;2;1;0;1;90;172;30;1;02/08/2023
256;18;8;3;1;228;14;16;58;265,615;94;0;1;2;0;0;1;65;172;22;8;03/08/2023
257;13;8;5;1;300;26;13;43;265,615;94;0;1;2;1;1;1;77;175;25;1;05/08/2023
258;14;8;5;1;300;26;13;43;265,615;94;0;1;2;1;1;1;77;175;25;2;05/08/2023
259;28;8;6;1;260;50;11;36;265,615;94;0;1;4;1;0;0;65;168;23;4;06/08/2023
260;23;8;3;1;289;36;13;33;265,615;94;0;1;2;1;0;1;90;172;30;4;03/08/2023
261;23;8;4;1;248;25;14;47;265,615;94;0;1;2;0;0;1;86;165;32;1;04/08/2023
262;11;8;5;1;268;11;8;33;265,615;94;0;2;0;0;0;0;79;178;25;8;05/08/2023
263;23;8;5;1;179;26;9;30;265,615;94;0;3;0;0;0;0;56;171;19;1;05/08/2023
264;13;8;5;1;118;13;18;50;265,615;94;0;1;1;1;0;0;98;178;31;3;05/08/2023
265;25;8;2;1;248;25;14;47;265,615;94;0;1;2;0;0;1;86;165;32;2;02/08/2023
266;23;8;3;1;235;11;14;37;265,615;94;0;3;1;0;0;1;88;172;29;1;03/08/2023
267;23;8;5;1;118;13;18;50;265,615;94;0;1;1;1;0;0;98;178;31;1;05/08/2023
268;19;8;5;1;235;11;14;37;265,615;94;0;3;1;0;0;1;88;172;29;8;05/08/2023
269;8;8;3;1;361;52;3;28;265,615;94;0;1;1;1;0;4;80;172;27;8;03/08/2023
270;6;8;4;1;184;42;7;27;265,615;94;0;1;0;0;0;0;58;167;21;8;04/08/2023
271;11;9;2;1;179;51;18;38;294,217;81;0;1;0;1;0;0;89;170;31;8;02/09/2023
272;23;9;6;1;179;51;18;38;294,217;81;0;1;0;1;0;0;89;170;31;3;06/09/2023
273;19;9;4;1;289;36;13;33;294,217;81;0;1;2;1;0;1;90;172;30;24;04/09/2023
274;0;9;5;1;235;20;13;43;294,217;81;1;1;1;1;0;0;106;167;38;0;05/09/2023
275;9;9;2;1;246;25;16;41;294,217;81;0;1;0;1;0;0;67;170;23;16;02/09/2023
276;28;9;3;1;291;31;12;40;294,217;81;0;1;1;1;0;1;73;171;25;3;03/09/2023
277;0;9;3;1;231;35;14;39;294,217;81;1;1;2;1;0;2;100;170;35;0;03/09/2023
278;0;9;3;1;291;50;12;32;294,217;81;1;1;0;1;0;0;65;169;23;0;03/09/2023
279;13;9;4;1;179;51;18;38;294,217;81;0;1;0;1;0;0;89;170;31;8;04/09/2023
280;9;9;4;1;246;25;16;41;294,217;81;0;1;0;1;0;0;67;170;23;32;04/09/2023
281;23;9;5;1;179;51;18;38;294,217;81;0;1;0;1;0;0;89;170;31;1;05/09/2023
282;28;9;6;1;291;31;12;40;294,217;81;0;1;1;1;0;1;73;171;25;4;06/09/2023
283;28;9;6;1;260;50;11;36;294,217;81;0;1;4;1;0;0;65;168;23;4;06/09/2023
284;26;9;4;4;235;20;13;43;294,217;81;0;1;1;1;0;0;106;167;38;8;04/09/2023
285;28;9;5;4;118;13;18;50;294,217;81;0;1;1;1;0;0;98;178;31;1;05/09/2023
286;0;9;5;4;235;20;13;43;294,217;81;1;1;1;1;0;0;106;167;38;0;05/09/2023
287;28;9;6;4;291;31;12;40;294,217;81;0;1;1;1;0;1;73;171;25;3;06/09/2023
288;7;9;2;4;291;31;12;40;294,217;81;0;1;1;1;0;1;73;171;25;40;02/09/2023
289;13;9;2;4;179;51;18;38;294,217;81;0;1;0;1;0;0;89;170;31;8;02/09/2023
290;24;10;2;4;289;36;13;33;265,017;88;0;1;2;1;0;1;90;172;30;8;02/10/2023
291;26;10;2;4;235;11;14;37;265,017;88;0;3;1;0;0;1;88;172;29;4;02/10/2023
292;26;10;2;4;289;36;13;33;265,017;88;0;1;2;1;0;1;90;172;30;8;02/10/2023
293;22;10;6;4;289;36;13;33;265,017;88;0;1;2;1;0;1;90;172;30;8;06/10/2023
294;0;10;6;4;118;13;18;50;265,017;88;1;1;1;1;0;0;98;178;31;0;06/10/2023
295;0;10;6;4;248;25;14;47;265,017;88;1;1;2;0;0;1;86;165;32;0;06/10/2023
296;1;10;2;4;179;26;9;30;265,017;88;0;3;0;0;0;0;56;171;19;8;02/10/2023
297;7;10;2;4;118;10;10;37;265,017;88;0;1;0;0;0;0;83;172;28;3;02/10/2023
298;22;10;2;4;369;17;12;31;265,017;88;0;1;3;1;0;0;70;169;25;8;02/10/2023
299;28;10;4;4;179;51;18;38;265,017;88;0;1;0;1;0;0;89;170;31;1;04/10/2023
300;1;10;4;4;179;26;9;30;265,017;88;0;3;0;0;0;0;56;171;19;64;04/10/2023
301;0;10;4;4;235;20;13;43;265,017;88;1;1;1;1;0;0;106;167;38;0;04/10/2023
302;19;10;5;4;289;36;13;33;265,017;88;0;1;2;1;0;1;90;172;30;16;05/10/2023
303;28;10;6;4;260;50;11;36;265,017;88;0;1;4;1;0;0;65;168;23;3;06/10/2023
304;0;10;6;4;235;20;13;43;265,017;88;1;1;1;1;0;0;106;167;38;0;06/10/2023
305;23;10;2;4;235;20;13;43;265,017;88;0;1;1;1;0;0;106;167;38;2;02/10/2023
306;23;10;2;4;235;20;13;43;265,017;88;0;1;1;1;0;0;106;167;38;2;02/10/2023
307;28;10;3;4;118;13;18;50;265,017;88;0;1;1;1;0;0;98;178;31;1;03/10/2023
308;28;10;3;4;291;31;12;40;265,017;88;0;1;1;1;0;1;73;171;25;4;03/10/2023
309;23;10;5;4;179;26;9;30;265,017;88;0;3;0;0;0;0;56;171;19;16;05/10/2023
310;28;10;5;4;118;13;18;50;265,017;88;0;1;1;1;0;0;98;178;31;1;05/10/2023
311;10;10;2;4;361;52;3;28;265,017;88;0;1;1;1;0;4;80;172;27;8;02/10/2023
312;0;10;3;4;260;50;11;36;265,017;88;1;1;4;1;0;0;65;168;23;0;03/10/2023
313;0;10;3;4;291;31;12;40;265,017;88;1;1;1;1;0;1;73;171;25;0;03/10/2023
314;0;10;3;4;157;27;6;29;265,017;88;1;1;0;1;1;0;75;185;22;0;03/10/2023
315;1;10;4;4;179;26;9;30;265,017;88;0;3;0;0;0;0;56;171;19;5;04/10/2023
316;7;10;4;4;179;26;9;30;265,017;88;0;3;0;0;0;0;56;171;19;5;04/10/2023
317;23;10;5;4;118;13;18;50;265,017;88;0;1;1;1;0;0;98;178;31;1;05/10/2023
318;11;11;2;4;118;10;10;37;284,031;97;0;1;0;0;0;0;83;172;28;8;02/11/2023
319;23;11;2;4;248;25;14;47;284,031;97;0;1;2;0;0;1;86;165;32;2;02/11/2023
320;6;11;3;4;179;51;18;38;284,031;97;0;1;0;1;0;0;89;170;31;8;03/11/2023
321;28;11;6;4;260;50;11;36;284,031;97;0;1;4;1;0;0;65;168;23;3;06/11/2023
322;23;11;2;4;291;31;12;40;284,031;97;0;1;1;1;0;1;73;171;25;1;02/11/2023
323;1;11;2;4;378;49;11;36;284,031;97;0;1;2;0;1;4;65;174;21;8;02/11/2023
324;11;11;2;4;155;12;14;34;284,031;97;0;1;2;1;0;0;95;196;25;120;02/11/2023
325;26;11;2;4;235;20;13;43;284,031;97;0;1;1;1;0;0;106;167;38;8;02/11/2023
326;0;11;3;4;330;16;4;28;284,031;97;1;2;0;0;0;0;84;182;25;0;03/11/2023
327;18;11;4;4;235;11;14;37;284,031;97;0;3;1;0;0;1;88;172;29;1;04/11/2023
328;11;11;4;4;118;10;10;37;284,031;97;0;1;0;0;0;0;83;172;28;3;04/11/2023
329;25;11;5;4;235;11;14;37;284,031;97;0;3;1;0;0;1;88;172;29;2;05/11/2023
330;28;11;5;4;179;51;18;38;284,031;97;0;1;0;1;0;0;89;170;31;3;05/11/2023
331;13;11;6;4;246;25;16;41;284,031;97;0;1;0;1;0;0;67;170;23;8;06/11/2023
332;12;11;6;4;291;31;12;40;284,031;97;0;1;1;1;0;1;73;171;25;4;06/11/2023
333;13;11;2;4;246;25;16;41;284,031;97;0;1;0;1;0;0;67;170;23;8;02/11/2023
334;28;11;3;4;179;51;18;38;284,031;97;0;1;0;1;0;0;89;170;31;1;03/11/2023
335;10;11;4;4;260;50;11;36;284,031;97;0;1;4;1;0;0;65;168;23;8;04/11/2023
336;15;11;6;4;260;50;11;36;284,031;97;0;1;4;1;0;0;65;168;23;8;06/11/2023
337;0;11;6;4;378;49;11;36;284,031;97;1;1;2;0;1;4;65;174;21;0;06/11/2023
338;0;11;3;4;279;5;14;39;284,031;97;1;1;2;1;1;0;68;168;24;0;03/11/2023
339;23;11;5;4;179;51;18;38;284,031;97;0;1;0;1;0;0;89;170;31;1;05/11/2023
340;12;12;2;4;225;26;9;28;236,629;93;0;1;1;0;0;2;69;169;24;3;02/12/2023
341;28;12;2;4;179;51;18;38;236,629;93;0;1;0;1;0;0;89;170;31;2;02/12/2023
342;28;12;2;4;179;51;18;38;236,629;93;0;1;0;1;0;0;89;170;31;1;02/12/2023
343;23;12;2;4;235;11;14;37;236,629;93;0;3;1;0;0;1;88;172;29;3;02/12/2023
344;28;12;3;4;118;13;18;50;236,629;93;0;1;1;1;0;0;98;178;31;1;03/12/2023
345;28;12;6;4;260;50;11;36;236,629;93;0;1;4;1;0;0;65;168;23;4;06/12/2023
346;4;12;5;4;246;25;16;41;236,629;93;0;1;0;1;0;0;67;170;23;8;05/12/2023
347;28;12;5;4;179;51;18;38;236,629;93;0;1;0;1;0;0;89;170;31;1;05/12/2023
348;28;12;6;4;179;51;18;38;236,629;93;0;1;0;1;0;0;89;170;31;1;06/12/2023
349;23;12;3;4;179;26;9;30;236,629;93;0;3;0;0;0;0;56;171;19;1;03/12/2023
350;25;12;3;4;118;10;10;37;236,629;93;0;1;0;0;0;0;83;172;28;8;03/12/2023
351;25;12;5;4;235;11;14;37;236,629;93;0;3;1;0;0;1;88;172;29;2;05/12/2023
352;28;12;6;4;179;51;18;38;236,629;93;0;1;0;1;0;0;89;170;31;1;06/12/2023
353;13;12;3;2;235;20;13;43;236,629;93;0;1;1;1;0;0;106;167;38;8;03/12/2023
354;14;12;3;2;235;11;14;37;236,629;93;0;3;1;0;0;1;88;172;29;4;03/12/2023
355;26;12;4;2;260;50;11;36;236,629;93;0;1;4;1;0;0;65;168;23;8;04/12/2023
356;28;12;2;2;157;27;6;29;236,629;93;0;1;0;1;1;0;75;185;22;2;02/12/2023
357;28;12;2;2;179;51;18;38;236,629;93;0;1;0;1;0;0;89;170;31;3;02/12/2023
358;19;12;2;2;289;36;13;33;236,629;93;0;1;2;1;0;1;90;172;30;8;02/12/2023
359;23;1;4;2;225;26;9;28;330,061;100;0;1;1;0;0;2;69;169;24;5;04/01/2023
360;19;1;2;2;118;10;10;37;330,061;100;0;1;0;0;0;0;83;172;28;32;02/01/2023
361;23;1;2;2;155;12;14;34;330,061;100;0;1;2;1;0;0;95;196;25;2;02/01/2023
362;13;1;3;2;235;11;14;37;330,061;100;0;3;1;0;0;1;88;172;29;1;03/01/2023
363;23;1;3;2;155;12;14;34;330,061;100;0;1;2;1;0;0;95;196;25;4;03/01/2023
364;26;1;2;2;289;36;13;33;330,061;100;0;1;2;1;0;1;90;172;30;8;02/01/2023
365;3;1;4;2;291;31;12;40;330,061;100;0;1;1;1;0;1;73;171;25;8;04/01/2023
366;26;1;2;2;235;20;13;43;330,061;100;0;1;1;1;0;0;106;167;38;8;02/01/2023
367;26;1;2;2;118;13;18;50;330,061;100;0;1;1;1;0;0;98;178;31;4;02/01/2023
368;28;1;4;2;179;51;18;38;330,061;100;0;1;0;1;0;0;89;170;31;1;04/01/2023
369;28;1;6;2;179;51;18;38;330,061;100;0;1;0;1;0;0;89;170;31;1;06/01/2023
370;28;2;3;2;118;10;10;37;251,818;96;0;1;0;0;0;0;83;172;28;2;03/02/2023
371;27;2;4;2;179;51;18;38;251,818;96;0;1;0;1;0;0;89;170;31;3;04/02/2023
372;7;2;4;2;225;26;9;28;251,818;96;0;1;1;0;0;2;69;169;24;1;04/02/2023
373;22;2;6;2;289;36;13;33;251,818;96;0;1;2;1;0;1;90;172;30;3;06/02/2023
374;28;2;6;2;260;50;11;36;251,818;96;0;1;4;1;0;0;65;168;23;3;06/02/2023
375;23;2;6;2;179;51;18;38;251,818;96;0;1;0;1;0;0;89;170;31;3;06/02/2023
376;27;2;2;2;179;51;18;38;251,818;96;0;1;0;1;0;0;89;170;31;2;02/02/2023
377;27;2;4;2;179;51;18;38;251,818;96;0;1;0;1;0;0;89;170;31;3;04/02/2023
378;10;2;5;2;179;51;18;38;251,818;96;0;1;0;1;0;0;89;170;31;8;05/02/2023
379;26;2;5;2;246;25;16;41;251,818;96;0;1;0;1;0;0;67;170;23;8;05/02/2023
380;27;2;6;2;179;51;18;38;251,818;96;0;1;0;1;0;0;89;170;31;3;06/02/2023
381;22;2;2;2;189;29;13;33;251,818;96;0;1;2;0;0;2;69;167;25;8;02/02/2023
382;27;2;2;2;179;51;18;38;251,818;96;0;1;0;1;0;0;89;170;31;3;02/02/2023
383;23;2;3;2;246;25;16;41;251,818;96;0;1;0;1;0;0;67;170;23;2;03/02/2023
384;23;2;3;2;291;31;12;40;251,818;96;0;1;1;1;0;1;73;171;25;2;03/02/2023
385;11;2;4;2;157;27;6;29;251,818;96;0;1;0;1;1;0;75;185;22;16;04/02/2023
386;27;2;4;2;179;51;18;38;251,818;96;0;1;0;1;0;0;89;170;31;3;04/02/2023
387;27;2;6;2;179;51;18;38;251,818;96;0;1;0;1;0;0;89;170;31;3;06/02/2023
388;10;2;6;2;246;25;16;41;251,818;96;0;1;0;1;0;0;67;170;23;24;06/02/2023
389;27;2;4;2;179;51;18;38;251,818;96;0;1;0;1;0;0;89;170;31;3;04/02/2023
390;27;2;6;2;179;51;18;38;251,818;96;0;1;0;1;0;0;89;170;31;3;06/02/2023
391;18;3;3;2;118;10;10;37;244,387;98;0;1;0;0;0;0;83;172;28;8;03/03/2023
392;19;3;4;2;246;25;16;41;244,387;98;0;1;0;1;0;0;67;170;23;16;04/03/2023
393;28;3;6;2;246;25;16;41;244,387;98;0;1;0;1;0;0;67;170;23;2;06/03/2023
394;28;3;6;2;260;50;11;36;244,387;98;0;1;4;1;0;0;65;168;23;4;06/03/2023
395;28;3;2;2;179;51;18;38;244,387;98;0;1;0;1;0;0;89;170;31;2;02/03/2023
396;22;3;2;2;235;11;14;37;244,387;98;0;3;1;0;0;1;88;172;29;8;02/03/2023
397;22;3;3;2;179;22;17;40;244,387;98;0;2;2;0;1;0;63;170;22;8;03/03/2023
398;22;3;3;2;378;49;11;36;244,387;98;0;1;2;0;1;4;65;174;21;8;03/03/2023
399;28;3;2;2;179;51;18;38;244,387;98;0;1;0;1;0;0;89;170;31;16;02/03/2023
400;22;3;4;2;361;52;3;28;244,387;98;0;1;1;1;0;4;80;172;27;8;04/03/2023
401;0;3;4;2;369;17;12;31;244,387;98;1;1;3;1;0;0;70;169;25;0;04/03/2023
402;21;3;5;2;235;11;14;37;244,387;98;0;3;1;0;0;1;88;172;29;8;05/03/2023
403;23;3;6;3;118;13;18;50;244,387;98;0;1;1;1;0;0;98;178;31;2;06/03/2023
404;14;3;3;3;118;13;18;50;244,387;98;0;1;1;1;0;0;98;178;31;3;03/03/2023
405;13;3;4;3;118;13;18;50;244,387;98;0;1;1;1;0;0;98;178;31;8;04/03/2023
406;0;3;5;3;235;11;14;37;244,387;98;1;3;1;0;0;1;88;172;29;0;05/03/2023
407;0;3;5;3;246;25;16;41;244,387;98;1;1;0;1;0;0;67;170;23;0;05/03/2023
408;0;3;5;3;118;13;18;50;244,387;98;1;1;1;1;0;0;98;178;31;0;05/03/2023
409;28;3;6;3;179;51;18;38;244,387;98;0;1;0;1;0;0;89;170;31;8;06/03/2023
410;22;3;6;3;289;36;13;33;244,387;98;0;1;2;1;0;1;90;172;30;8;06/03/2023
411;19;3;2;3;260;50;11;36;244,387;98;0;1;4;1;0;0;65;168;23;8;02/03/2023
412;28;3;3;3;246;25;16;41;244,387;98;0;1;0;1;0;0;67;170;23;2;03/03/2023
413;28;4;4;3;179;51;18;38;239,409;98;0;1;0;1;0;0;89;170;31;4;04/04/2023
414;28;4;6;3;260;50;11;36;239,409;98;0;1;4;1;0;0;65;168;23;3;06/04/2023
415;26;4;6;3;330;16;4;28;239,409;98;0;2;0;0;0;0;84;182;25;4;06/04/2023
416;22;4;2;3;369;17;12;31;239,409;98;0;1;3;1;0;0;70;169;25;4;02/04/2023
417;26;4;2;3;248;25;14;47;239,409;98;0;1;2;0;0;1;86;165;32;4;02/04/2023
418;23;4;4;3;330;16;4;28;239,409;98;0;2;0;0;0;0;84;182;25;8;04/04/2023
419;28;4;4;3;179;51;18;38;239,409;98;0;1;0;1;0;0;89;170;31;8;04/04/2023
420;23;4;2;3;118;13;18;50;239,409;98;0;1;1;1;0;0;98;178;31;1;02/04/2023
421;13;4;4;3;118;13;18;50;239,409;98;0;1;1;1;0;0;98;178;31;120;04/04/2023
422;28;4;6;3;300;26;13;43;239,409;98;0;1;2;1;1;1;77;175;25;8;06/04/2023
423;28;4;6;3;260;50;11;36;239,409;98;0;1;4;1;0;0;65;168;23;4;06/04/2023
424;28;4;2;3;179;51;18;38;239,409;98;0;1;0;1;0;0;89;170;31;4;02/04/2023
425;11;4;4;3;118;10;10;37;239,409;98;0;1;0;0;0;0;83;172;28;2;04/04/2023
426;13;5;2;3;235;20;13;43;246,074;99;0;1;1;1;0;0;106;167;38;16;02/05/2023
427;23;5;4;3;248;25;14;47;246,074;99;0;1;2;0;0;1;86;165;32;2;04/05/2023
428;10;5;2;3;369;17;12;31;246,074;99;0;1;3;1;0;0;70;169;25;8;02/05/2023
429;23;5;4;3;179;26;9;30;246,074;99;0;3;0;0;0;0;56;171;19;3;04/05/2023
430;28;5;4;3;179;51;18;38;246,074;99;0;1;0;1;0;0;89;170;31;4;04/05/2023
431;23;5;5;3;361;52;3;28;246,074;99;0;1;1;1;0;4;80;172;27;1;05/05/2023
432;28;5;6;3;260;50;11;36;246,074;99;0;1;4;1;0;0;65;168;23;3;06/05/2023
433;11;5;2;3;179;22;17;40;246,074;99;0;2;2;0;1;0;63;170;22;2;02/05/2023
434;8;5;2;3;179;22;17;40;246,074;99;0;2;2;0;1;0;63;170;22;3;02/05/2023
435;18;5;4;3;228;14;16;58;246,074;99;0;1;2;0;0;1;65;172;22;8;04/05/2023
436;25;5;4;3;225;26;9;28;246,074;99;0;1;1;0;0;2;69;169;24;3;04/05/2023
437;13;5;6;3;330;16;4;28;246,074;99;0;2;0;0;0;0;84;182;25;8;06/05/2023
438;25;5;2;3;179;26;9;30;246,074;99;0;3;0;0;0;0;56;171;19;2;02/05/2023
439;28;5;2;3;118;10;10;37;246,074;99;0;1;0;0;0;0;83;172;28;1;02/05/2023
440;1;5;2;3;235;11;14;37;246,074;99;0;3;1;0;0;1;88;172;29;8;02/05/2023
441;23;5;4;3;179;26;9;30;246,074;99;0;3;0;0;0;0;56;171;19;3;04/05/2023
442;23;6;2;3;118;10;10;37;253,957;95;0;1;0;0;0;0;83;172;28;3;02/06/2023
443;28;6;2;3;179;51;18;38;253,957;95;0;1;0;1;0;0;89;170;31;3;02/06/2023
444;28;6;3;3;118;10;10;37;253,957;95;0;1;0;0;0;0;83;172;28;2;03/06/2023
445;23;6;5;3;225;26;9;28;253,957;95;0;1;1;0;0;2;69;169;24;4;05/06/2023
446;28;6;6;3;260;50;11;36;253,957;95;0;1;4;1;0;0;65;168;23;4;06/06/2023
447;0;6;6;3;179;51;18;38;253,957;95;1;1;0;1;0;0;89;170;31;0;06/06/2023
448;13;6;2;3;291;31;12;40;253,957;95;0;1;1;1;0;1;73;171;25;40;02/06/2023
449;28;6;2;3;179;51;18;38;253,957;95;0;1;0;1;0;0;89;170;31;24;02/06/2023
450;28;6;3;3;246;25;16;41;253,957;95;0;1;0;1;0;0;67;170;23;3;03/06/2023
451;28;6;2;3;179;51;18;38;253,957;95;0;1;0;1;0;0;89;170;31;4;02/06/2023
452;26;6;3;3;235;20;13;43;253,957;95;0;1;1;1;0;0;106;167;38;8;03/06/2023
453;28;6;2;1;179;51;18;38;253,957;95;0;1;0;1;0;0;89;170;31;2;02/06/2023
454;23;6;4;1;225;26;9;28;253,957;95;0;1;1;0;0;2;69;169;24;2;04/06/2023
455;23;6;4;1;118;13;18;50;253,957;95;0;1;1;1;0;0;98;178;31;2;04/06/2023
456;5;6;4;1;179;51;18;38;253,957;95;0;1;0;1;0;0;89;170;31;8;04/06/2023
457;21;6;4;1;179;26;9;30;253,957;95;0;3;0;0;0;0;56;171;19;2;04/06/2023
458;28;6;6;1;246;25;16;41;253,957;95;0;1;0;1;0;0;67;170;23;2;06/06/2023
459;11;6;3;1;330;16;4;28;253,957;95;0;2;0;0;0;0;84;182;25;1;03/06/2023
460;13;6;3;1;235;11;14;37;253,957;95;0;3;1;0;0;1;88;172;29;8;03/06/2023
461;23;7;5;1;179;26;9;30;230,29;92;0;3;0;0;0;0;56;171;19;2;05/07/2023
462;25;7;5;1;225;26;9;28;230,29;92;0;1;1;0;0;2;69;169;24;4;05/07/2023
463;13;7;6;1;260;50;11;36;230,29;92;0;1;4;1;0;0;65;168;23;8;06/07/2023
464;7;7;2;1;268;11;8;33;230,29;92;0;2;0;0;0;0;79;178;25;8;02/07/2023
465;25;7;6;1;330;16;4;28;230,29;92;0;2;0;0;0;0;84;182;25;8;06/07/2023
466;26;7;6;1;118;10;10;37;230,29;92;0;1;0;0;0;0;83;172;28;8;06/07/2023
467;26;7;2;1;260;50;11;36;230,29;92;0;1;4;1;0;0;65;168;23;4;02/07/2023
468;28;7;3;1;118;10;10;37;230,29;92;0;1;0;0;0;0;83;172;28;8;03/07/2023
469;15;7;2;1;300;26;13;43;230,29;92;0;1;2;1;1;1;77;175;25;8;02/07/2023
470;23;7;2;1;235;29;12;48;230,29;92;0;1;1;0;1;5;88;163;33;1;02/07/2023
471;28;7;3;1;246;25;16;41;230,29;92;0;1;0;1;0;0;67;170;23;2;03/07/2023
472;9;7;3;1;225;26;9;28;230,29;92;0;1;1;0;0;2;69;169;24;112;03/07/2023
473;28;7;3;1;179;51;18;38;230,29;92;0;1;0;1;0;0;89;170;31;1;03/07/2023
474;23;7;6;1;118;13;18;50;230,29;92;0;1;1;1;0;0;98;178;31;1;06/07/2023
475;22;7;6;1;361;52;3;28;230,29;92;0;1;1;1;0;4;80;172;27;8;06/07/2023
476;22;7;2;1;289;36;13;33;230,29;92;0;1;2;1;0;1;90;172;30;8;02/07/2023
477;26;7;2;1;235;20;13;43;230,29;92;0;1;1;1;0;0;106;167;38;8;02/07/2023
478;28;7;3;1;246;25;16;41;230,29;92;0;1;0;1;0;0;67;170;23;2;03/07/2023
479;28;7;5;1;291;31;12;40;230,29;92;0;1;1;1;0;1;73;171;25;1;05/07/2023
480;23;7;5;1;279;5;14;39;230,29;92;0;1;2;1;1;0;68;168;24;2;05/07/2023
481;25;8;5;1;179;51;18;38;249,797;93;0;1;0;1;0;0;89;170;31;4;05/08/2023
482;25;8;2;1;179;22;17;40;249,797;93;0;2;2;0;1;0;63;170;22;1;02/08/2023
483;28;8;3;1;246;25;16;41;249,797;93;0;1;0;1;0;0;67;170;23;4;03/08/2023
484;28;8;3;1;118;10;10;37;249,797;93;0;1;0;0;0;0;83;172;28;4;03/08/2023
485;26;8;3;1;289;36;13;33;249,797;93;0;1;2;1;0;1;90;172;30;8;03/08/2023
486;26;8;3;1;235;20;13;43;249,797;93;0;1;1;1;0;0;106;167;38;8;03/08/2023
487;28;8;5;1;291;31;12;40;249,797;93;0;1;1;1;0;1;73;171;25;4;05/08/2023
488;25;8;2;1;179;51;18;38;249,797;93;0;1;0;1;0;0;89;170;31;4;02/08/2023
489;25;8;3;1;179;22;17;40;249,797;93;0;2;2;0;1;0;63;170;22;8;03/08/2023
490;23;8;5;1;330;16;4;28;249,797;93;0;2;0;0;0;0;84;182;25;16;05/08/2023
491;23;8;3;1;235;11;14;37;249,797;93;0;3;1;0;0;1;88;172;29;4;03/08/2023
492;28;8;3;1;246;25;16;41;249,797;93;0;1;0;1;0;0;67;170;23;1;03/08/2023
493;28;8;3;1;118;10;10;37;249,797;93;0;1;0;0;0;0;83;172;28;5;03/08/2023
494;28;8;5;1;291;31;12;40;249,797;93;0;1;1;1;0;1;73;171;25;2;05/08/2023
495;28;8;2;1;260;50;11;36;249,797;93;0;1;4;1;0;0;65;168;23;3;02/08/2023
496;28;9;3;1;246;25;16;41;261,756;87;0;1;0;1;0;0;67;170;23;1;03/09/2023
497;28;9;3;1;246;25;16;41;261,756;87;0;1;0;1;0;0;67;170;23;1;03/09/2023
498;28;9;3;1;118;10;10;37;261,756;87;0;1;0;0;0;0;83;172;28;3;03/09/2023
499;23;9;3;1;155;12;14;34;261,756;87;0;1;2;1;0;0;95;196;25;2;03/09/2023
500;28;9;5;1;291;31;12;40;261,756;87;0;1;1;1;0;1;73;171;25;2;05/09/2023
501;23;9;6;1;179;26;9;30;261,756;87;0;3;0;0;0;0;56;171;19;8;06/09/2023
502;23;9;6;1;248;25;14;47;261,756;87;0;1;2;0;0;1;86;165;32;1;06/09/2023
503;23;9;2;1;179;51;18;38;261,756;87;0;1;0;1;0;0;89;170;31;4;02/09/2023
504;23;9;4;1;225;26;9;28;261,756;87;0;1;1;0;0;2;69;169;24;1;04/09/2023
505;23;9;2;1;179;26;9;30;261,756;87;0;3;0;0;0;0;56;171;19;2;02/09/2023
506;23;9;3;4;369;17;12;31;261,756;87;0;1;3;1;0;0;70;169;25;8;03/09/2023
507;22;9;3;4;361;52;3;28;261,756;87;0;1;1;1;0;4;80;172;27;8;03/09/2023
508;4;10;5;4;289;48;29;49;284,853;91;0;1;0;0;0;2;108;172;36;1;05/10/2023
509;11;10;5;4;235;16;8;32;284,853;91;0;3;0;0;0;0;75;178;25;3;05/10/2023
510;26;10;6;4;246;25;16;41;284,853;91;0;1;0;1;0;0;67;170;23;8;06/10/2023
511;14;10;4;4;289;48;29;49;284,853;91;0;1;0;0;0;2;108;172;36;3;04/10/2023
512;28;10;4;4;291;31;12;40;284,853;91;0;1;1;1;0;1;73;171;25;2;04/10/2023
513;23;10;3;4;118;10;10;37;284,853;91;0;1;0;0;0;0;83;172;28;2;03/10/2023
514;23;10;5;4;289;48;29;49;284,853;91;0;1;0;0;0;2;108;172;36;2;05/10/2023
515;23;10;6;4;291;31;12;40;284,853;91;0;1;1;1;0;1;73;171;25;1;06/10/2023
516;23;10;3;4;225;26;9;28;284,853;91;0;1;1;0;0;2;69;169;24;2;03/10/2023
517;23;10;3;4;369;17;12;31;284,853;91;0;1;3;1;0;0;70;169;25;8;03/10/2023
518;23;10;3;4;369;17;12;31;284,853;91;0;1;3;1;0;0;70;169;25;3;03/10/2023
519;23;10;3;4;225;26;9;28;284,853;91;0;1;1;0;0;2;69;169;24;4;03/10/2023
520;26;10;3;4;369;17;12;31;284,853;91;0;1;3;1;0;0;70;169;25;8;03/10/2023
521;28;10;4;4;179;51;18;38;284,853;91;0;1;0;1;0;0;89;170;31;3;04/10/2023
522;1;10;4;4;228;14;16;58;284,853;91;0;1;2;0;0;1;65;172;22;1;04/10/2023
523;23;10;4;4;291;31;12;40;284,853;91;0;1;1;1;0;1;73;171;25;1;04/10/2023
524;10;10;5;4;369;17;12;31;284,853;91;0;1;3;1;0;0;70;169;25;8;05/10/2023
525;13;10;5;4;225;26;9;28;284,853;91;0;1;1;0;0;2;69;169;24;1;05/10/2023
526;10;10;6;4;369;17;12;31;284,853;91;0;1;3;1;0;0;70;169;25;8;06/10/2023
527;10;10;6;4;225;26;9;28;284,853;91;0;1;1;0;0;2;69;169;24;3;06/10/2023
528;23;10;2;4;189;29;13;33;284,853;91;0;1;2;0;0;2;69;167;25;8;02/10/2023
529;6;10;2;4;235;16;8;32;284,853;91;0;3;0;0;0;0;75;178;25;8;02/10/2023
530;10;10;2;4;248;25;14;47;284,853;91;0;1;2;0;0;1;86;165;32;8;02/10/2023
531;0;10;2;4;225;26;9;28;284,853;91;1;1;1;0;0;2;69;169;24;0;02/10/2023
532;13;10;3;4;225;26;9;28;284,853;91;0;1;1;0;0;2;69;169;24;3;03/10/2023
533;21;11;3;4;179;51;18;38;268,519;93;0;1;0;1;0;0;89;170;31;1;03/11/2023
534;28;11;4;4;118;10;10;37;268,519;93;0;1;0;0;0;0;83;172;28;3;04/11/2023
535;2;11;4;4;330;16;4;28;268,519;93;0;2;0;0;0;0;84;182;25;24;04/11/2023
536;28;11;6;4;179;51;18;38;268,519;93;0;1;0;1;0;0;89;170;31;1;06/11/2023
537;9;11;3;4;118;10;10;37;268,519;93;0;1;0;0;0;0;83;172;28;8;03/11/2023
538;24;11;4;4;289;36;13;33;268,519;93;0;1;2;1;0;1;90;172;30;8;04/11/2023
539;1;11;6;4;235;16;8;32;268,519;93;0;3;0;0;0;0;75;178;25;8;06/11/2023
540;23;11;6;4;225;26;9;28;268,519;93;0;1;1;0;0;2;69;169;24;4;06/11/2023
541;22;11;3;4;361;52;3;28;268,519;93;0;1;1;1;0;4;80;172;27;8;03/11/2023
542;28;11;4;4;291;31;12;40;268,519;93;0;1;1;1;0;1;73;171;25;2;04/11/2023
543;13;11;5;4;118;10;10;37;268,519;93;0;1;0;0;0;0;83;172;28;2;05/11/2023
544;14;11;5;4;225;26;9;28;268,519;93;0;1;1;0;0;2;69;169;24;3;05/11/2023
545;28;11;2;4;179;51;18;38;268,519;93;0;1;0;1;0;0;89;170;31;1;02/11/2023
546;23;11;2;4;118;10;10;37;268,519;93;0;1;0;0;0;0;83;172;28;8;02/11/2023
547;8;11;3;4;118;10;10;37;268,519;93;0;1;0;0;0;0;83;172;28;8;03/11/2023
548;23;11;3;4;225;26;9;28;268,519;93;0;1;1;0;0;2;69;169;24;2;03/11/2023
549;0;11;3;4;291;31;12;40;268,519;93;1;1;1;1;0;1;73;171;25;0;03/11/2023
550;0;11;4;4;289;36;13;33;268,519;93;1;1;2;1;0;1;90;172;30;0;04/11/2023
551;14;11;5;4;248;25;14;47;268,519;93;0;1;2;0;0;1;86;165;32;4;05/11/2023
552;0;11;5;4;235;20;13;43;268,519;93;1;1;1;1;0;0;106;167;38;0;05/11/2023
553;23;11;6;4;225;26;9;28;268,519;93;0;1;1;0;0;2;69;169;24;2;06/11/2023
554;26;11;6;4;369;17;12;31;268,519;93;0;1;3;1;0;0;70;169;25;8;06/11/2023
555;28;11;2;4;361;52;3;28;268,519;93;0;1;1;1;0;4;80;172;27;2;02/11/2023
556;13;12;3;4;179;51;18;38;280,549;98;0;1;0;1;0;0;89;170;31;32;03/12/2023
557;28;12;4;4;291;31;12;40;280,549;98;0;1;1;1;0;1;73;171;25;1;04/12/2023
558;23;12;4;4;225;26;9;28;280,549;98;0;1;1;0;0;2;69;169;24;3;04/12/2023
559;13;12;6;4;179;26;9;30;280,549;98;0;3;0;0;0;0;56;171;19;1;06/12/2023
560;23;12;6;4;225;26;9;28;280,549;98;0;1;1;0;0;2;69;169;24;3;06/12/2023
561;23;12;4;4;225;26;9;28;280,549;98;0;1;1;0;0;2;69;169;24;3;04/12/2023
562;14;12;5;4;361;52;3;28;280,549;98;0;1;1;1;0;4;80;172;27;4;05/12/2023
563;18;12;6;4;179;22;17;40;280,549;98;0;2;2;0;1;0;63;170;22;2;06/12/2023
564;26;12;6;4;235;20;13;43;280,549;98;0;1;1;1;0;0;106;167;38;8;06/12/2023
565;18;12;2;4;233;51;1;31;280,549;98;0;2;1;1;0;8;68;178;21;8;02/12/2023
566;13;12;3;4;179;26;9;30;280,549;98;0;3;0;0;0;0;56;171;19;16;03/12/2023
567;23;12;3;4;225;26;9;28;280,549;98;0;1;1;0;0;2;69;169;24;2;03/12/2023
568;23;12;5;4;225;26;9;28;280,549;98;0;1;1;0;0;2;69;169;24;3;05/12/2023
569;23;12;2;4;225;26;9;28;280,549;98;0;1;1;0;0;2;69;169;24;2;02/12/2023
570;18;12;3;2;155;12;14;34;280,549;98;0;1;2;1;0;0;95;196;25;80;03/12/2023
571;12;1;2;2;179;26;9;30;313,532;96;0;3;0;0;0;0;56;171;19;24;02/01/2023
572;12;1;5;2;179;26;9;30;313,532;96;0;3;0;0;0;0;56;171;19;16;05/01/2023
573;25;1;5;2;179;22;17;40;313,532;96;0;2;2;0;1;0;63;170;22;2;05/01/2023
574;25;1;6;2;179;22;17;40;313,532;96;0;2;2;0;1;0;63;170;22;2;06/01/2023
575;13;1;2;2;179;26;9;30;313,532;96;0;3;0;0;0;0;56;171;19;3;02/01/2023
576;25;1;4;2;179;22;17;40;313,532;96;0;2;2;0;1;0;63;170;22;2;04/01/2023
577;10;1;5;2;289;48;29;49;313,532;96;0;1;0;0;0;2;108;172;36;8;05/01/2023
578;18;1;6;2;179;22;17;40;313,532;96;0;2;2;0;1;0;63;170;22;3;06/01/2023
579;27;1;2;2;179;26;9;30;313,532;96;0;3;0;0;0;0;56;171;19;2;02/01/2023
580;18;1;3;2;155;12;14;34;313,532;96;0;1;2;1;0;0;95;196;25;8;03/01/2023
581;27;1;4;2;179;26;9;30;313,532;96;0;3;0;0;0;0;56;171;19;2;04/01/2023
582;27;1;4;2;179;51;18;38;313,532;96;0;1;0;1;0;0;89;170;31;3;04/01/2023
583;13;1;4;2;289;36;13;33;313,532;96;0;1;2;1;0;1;90;172;30;8;04/01/2023
584;27;1;5;2;179;51;18;38;313,532;96;0;1;0;1;0;0;89;170;31;3;05/01/2023
585;27;1;6;2;179;51;18;38;313,532;96;0;1;0;1;0;0;89;170;31;2;06/01/2023
586;13;2;3;2;179;51;18;38;264,249;97;0;1;0;1;0;0;89;170;31;8;03/02/2023
587;23;2;3;2;225;26;9;28;264,249;97;0;1;1;0;0;2;69;169;24;3;03/02/2023
588;1;2;4;2;248;25;14;47;264,249;97;0;1;2;0;0;1;86;165;32;8;04/02/2023
589;27;2;4;2;179;51;18;38;264,249;97;0;1;0;1;0;0;89;170;31;2;04/02/2023
590;28;2;5;2;225;26;9;28;264,249;97;0;1;1;0;0;2;69;169;24;3;05/02/2023
591;27;2;5;2;179;51;18;38;264,249;97;0;1;0;1;0;0;89;170;31;2;05/02/2023
592;27;2;5;2;179;26;9;30;264,249;97;0;3;0;0;0;0;56;171;19;2;05/02/2023
593;28;2;6;2;225;15;15;41;264,249;97;0;4;2;1;0;2;94;182;28;2;06/02/2023
594;27;2;6;2;179;51;18;38;264,249;97;0;1;0;1;0;0;89;170;31;2;06/02/2023
595;19;2;2;2;233;51;1;31;264,249;97;0;2;1;1;0;8;68;178;21;2;02/02/2023
596;27;2;2;2;179;51;18;38;264,249;97;0;1;0;1;0;0;89;170;31;2;02/02/2023
597;7;2;3;2;225;26;9;28;264,249;97;0;1;1;0;0;2;69;169;24;8;03/02/2023
598;27;2;4;2;179;51;18;38;264,249;97;0;1;0;1;0;0;89;170;31;3;04/02/2023
599;27;2;5;2;179;51;18;38;264,249;97;0;1;0;1;0;0;89;170;31;3;05/02/2023
600;25;2;5;2;225;26;9;28;264,249;97;0;1;1;0;0;2;69;169;24;3;05/02/2023
601;13;2;5;2;179;26;9;30;264,249;97;0;3;0;0;0;0;56;171;19;2;05/02/2023
602;23;2;6;2;179;22;17;40;264,249;97;0;2;2;0;1;0;63;170;22;2;06/02/2023
603;27;2;6;2;179;51;18;38;264,249;97;0;1;0;1;0;0;89;170;31;3;06/02/2023
604;12;2;4;2;233;51;1;31;264,249;97;0;2;1;1;0;8;68;178;21;3;04/02/2023
605;27;2;4;2;179;26;9;30;264,249;97;0;3;0;0;0;0;56;171;19;2;04/02/2023
606;27;2;4;2;179;51;18;38;264,249;97;0;1;0;1;0;0;89;170;31;2;04/02/2023
607;13;2;5;2;179;51;18;38;264,249;97;0;1;0;1;0;0;89;170;31;8;05/02/2023
608;27;2;6;2;179;51;18;38;264,249;97;0;1;0;1;0;0;89;170;31;2;06/02/2023
609;25;2;2;2;155;12;14;34;264,249;97;0;1;2;1;0;0;95;196;25;5;02/02/2023
610;25;2;2;2;235;16;8;32;264,249;97;0;3;0;0;0;0;75;178;25;3;02/02/2023
611;27;2;2;2;179;51;18;38;264,249;97;0;1;0;1;0;0;89;170;31;2;02/02/2023
612;7;2;2;2;225;26;9;28;264,249;97;0;1;1;0;0;2;69;169;24;2;02/02/2023
613;27;2;3;2;179;51;18;38;264,249;97;0;1;0;1;0;0;89;170;31;2;03/02/2023
614;23;2;3;2;248;25;14;47;264,249;97;0;1;2;0;0;1;86;165;32;2;03/02/2023
615;25;2;3;2;225;26;9;28;264,249;97;0;1;1;0;0;2;69;169;24;2;03/02/2023
616;27;2;4;2;179;51;18;38;264,249;97;0;1;0;1;0;0;89;170;31;2;04/02/2023
617;27;2;5;2;179;51;18;38;264,249;97;0;1;0;1;0;0;89;170;31;2;05/02/2023
618;25;2;6;2;235;16;8;32;264,249;97;0;3;0;0;0;0;75;178;25;2;06/02/2023
619;27;3;2;2;179;51;18;38;222,196;99;0;1;0;1;0;0;89;170;31;2;02/03/2023
620;23;3;2;2;248;25;14;47;222,196;99;0;1;2;0;0;1;86;165;32;2;02/03/2023
621;25;3;3;2;228;14;16;58;222,196;99;0;1;2;0;0;1;65;172;22;3;03/03/2023
622;25;3;3;2;248;25;14;47;222,196;99;0;1;2;0;0;1;86;165;32;3;03/03/2023
623;12;3;3;2;228;14;16;58;222,196;99;0;1;2;0;0;1;65;172;22;112;03/03/2023
624;27;3;4;2;179;51;18;38;222,196;99;0;1;0;1;0;0;89;170;31;2;04/03/2023
625;27;3;5;2;225;26;9;28;222,196;99;0;1;1;0;0;2;69;169;24;2;05/03/2023
626;27;3;5;2;179;51;18;38;222,196;99;0;1;0;1;0;0;89;170;31;3;05/03/2023
627;25;3;5;2;225;26;9;28;222,196;99;0;1;1;0;0;2;69;169;24;2;05/03/2023
628;27;3;6;2;179;26;9;30;222,196;99;0;3;0;0;0;0;56;171;19;3;06/03/2023
629;25;3;2;2;235;16;8;32;222,196;99;0;3;0;0;0;0;75;178;25;3;02/03/2023
630;19;3;2;2;361;52;3;28;222,196;99;0;1;1;1;0;4;80;172;27;8;02/03/2023
631;13;3;3;2;179;51;18;38;222,196;99;0;1;0;1;0;0;89;170;31;8;03/03/2023
632;27;3;4;2;179;51;18;38;222,196;99;0;1;0;1;0;0;89;170;31;2;04/03/2023
633;27;3;5;2;179;51;18;38;222,196;99;0;1;0;1;0;0;89;170;31;3;05/03/2023
634;27;3;6;2;179;26;9;30;222,196;99;0;3;0;0;0;0;56;171;19;2;06/03/2023
635;10;3;2;2;179;51;18;38;222,196;99;0;1;0;1;0;0;89;170;31;4;02/03/2023
636;13;3;2;2;248;25;14;47;222,196;99;0;1;2;0;0;1;86;165;32;2;02/03/2023
637;27;3;2;2;179;51;18;38;222,196;99;0;1;0;1;0;0;89;170;31;3;02/03/2023
638;7;3;2;2;225;26;9;28;222,196;99;0;1;1;0;0;2;69;169;24;8;02/03/2023
639;27;3;3;2;179;51;18;38;222,196;99;0;1;0;1;0;0;89;170;31;2;03/03/2023
640;23;3;4;2;289;36;13;33;222,196;99;0;1;2;1;0;1;90;172;30;8;04/03/2023
641;25;3;4;2;228;14;16;58;222,196;99;0;1;2;0;0;1;65;172;22;2;04/03/2023
642;27;3;4;2;179;51;18;38;222,196;99;0;1;0;1;0;0;89;170;31;2;04/03/2023
643;23;3;5;2;248;25;14;47;222,196;99;0;1;2;0;0;1;86;165;32;3;05/03/2023
644;27;3;5;2;179;51;18;38;222,196;99;0;1;0;1;0;0;89;170;31;3;05/03/2023
645;23;3;6;2;179;26;9;30;222,196;99;0;3;0;0;0;0;56;171;19;2;06/03/2023
646;27;3;6;2;179;51;18;38;222,196;99;0;1;0;1;0;0;89;170;31;3;06/03/2023
647;27;3;3;3;179;51;18;38;222,196;99;0;1;0;1;0;0;89;170;31;3;03/03/2023
648;23;3;4;3;118;15;24;46;222,196;99;0;1;2;1;1;0;75;175;25;8;04/03/2023
649;13;3;4;3;155;12;14;34;222,196;99;0;1;2;1;0;0;95;196;25;24;04/03/2023
650;27;3;4;3;179;51;18;38;222,196;99;0;1;0;1;0;0;89;170;31;3;04/03/2023
651;27;3;5;3;179;51;18;38;222,196;99;0;1;0;1;0;0;89;170;31;3;05/03/2023
652;13;3;2;3;179;26;9;30;222,196;99;0;3;0;0;0;0;56;171;19;2;02/03/2023
653;19;3;2;3;289;36;13;33;222,196;99;0;1;2;1;0;1;90;172;30;104;02/03/2023
654;22;3;4;3;369;17;12;31;222,196;99;0;1;3;1;0;0;70;169;25;8;04/03/2023
655;13;4;2;3;225;26;9;28;246,288;91;0;1;1;0;0;2;69;169;24;8;02/04/2023
656;10;4;2;3;118;10;10;37;246,288;91;0;1;0;0;0;0;83;172;28;8;02/04/2023
657;19;4;3;3;361;52;3;28;246,288;91;0;1;1;1;0;4;80;172;27;8;03/04/2023
658;19;4;4;3;248;25;14;47;246,288;91;0;1;2;0;0;1;86;165;32;8;04/04/2023
659;13;4;5;3;189;29;13;33;246,288;91;0;1;2;0;0;2;69;167;25;8;05/04/2023
660;27;4;6;3;179;26;9;30;246,288;91;0;3;0;0;0;0;56;171;19;2;06/04/2023
661;7;4;2;3;369;17;12;31;246,288;91;0;1;3;1;0;0;70;169;25;24;02/04/2023
662;16;4;3;3;179;22;17;40;246,288;91;0;2;2;0;1;0;63;170;22;2;03/04/2023
663;23;4;3;3;118;13;18;50;246,288;91;0;1;1;1;0;0;98;178;31;3;03/04/2023
664;23;4;3;3;361;52;3;28;246,288;91;0;1;1;1;0;4;80;172;27;2;03/04/2023
665;10;4;4;3;118;10;10;37;246,288;91;0;1;0;0;0;0;83;172;28;2;04/04/2023
666;22;4;6;3;235;11;14;37;246,288;91;0;3;1;0;0;1;88;172;29;8;06/04/2023
667;27;4;6;3;179;26;9;30;246,288;91;0;3;0;0;0;0;56;171;19;2;06/04/2023
668;19;4;2;3;225;26;9;28;246,288;91;0;1;1;0;0;2;69;169;24;8;02/04/2023
669;16;4;3;3;235;16;8;32;246,288;91;0;3;0;0;0;0;75;178;25;3;03/04/2023
670;27;4;6;3;179;26;9;30;246,288;91;0;3;0;0;0;0;56;171;19;2;06/04/2023
671;28;4;3;3;155;12;14;34;246,288;91;0;1;2;1;0;0;95;196;25;4;03/04/2023
672;19;4;5;3;225;26;9;28;246,288;91;0;1;1;0;0;2;69;169;24;8;05/04/2023
673;14;4;5;3;118;13;18;50;246,288;91;0;1;1;1;0;0;98;178;31;2;05/04/2023
674;27;4;6;3;179;26;9;30;246,288;91;0;3;0;0;0;0;56;171;19;2;06/04/2023
675;22;5;2;3;235;11;14;37;237,656;99;0;3;1;0;0;1;88;172;29;8;02/05/2023
676;19;5;4;3;225;15;15;41;237,656;99;0;4;2;1;0;2;94;182;28;3;04/05/2023
677;28;5;4;3;235;16;8;32;237,656;99;0;3;0;0;0;0;75;178;25;2;04/05/2023
678;8;5;4;3;118;10;10;37;237,656;99;0;1;0;0;0;0;83;172;28;3;04/05/2023
679;26;5;4;3;235;20;13;43;237,656;99;0;1;1;1;0;0;106;167;38;8;04/05/2023
680;13;5;5;3;179;26;9;30;237,656;99;0;3;0;0;0;0;56;171;19;1;05/05/2023
681;28;5;5;3;291;31;12;40;237,656;99;0;1;1;1;0;1;73;171;25;2;05/05/2023
682;14;5;5;3;225;15;15;41;237,656;99;0;4;2;1;0;2;94;182;28;8;05/05/2023
683;19;5;6;3;300;26;13;43;237,656;99;0;1;2;1;1;1;77;175;25;64;06/05/2023
684;22;5;6;3;225;15;15;41;237,656;99;0;4;2;1;0;2;94;182;28;8;06/05/2023
685;27;5;6;3;179;26;9;30;237,656;99;0;3;0;0;0;0;56;171;19;2;06/05/2023
686;23;5;2;3;118;13;18;50;237,656;99;0;1;1;1;0;0;98;178;31;2;02/05/2023
687;5;5;3;3;118;13;18;50;237,656;99;0;1;1;1;0;0;98;178;31;3;03/05/2023
688;28;5;3;3;118;10;10;37;237,656;99;0;1;0;0;0;0;83;172;28;1;03/05/2023
689;0;5;3;3;118;13;18;50;237,656;99;1;1;1;1;0;0;98;178;31;0;03/05/2023
690;27;5;4;3;179;26;9;30;237,656;99;0;3;0;0;0;0;56;171;19;2;04/05/2023
691;0;5;4;3;378;49;11;36;237,656;99;1;1;2;0;1;4;65;174;21;0;04/05/2023
692;16;5;6;3;179;22;17;40;237,656;99;0;2;2;0;1;0;63;170;22;1;06/05/2023
693;10;5;2;3;155;12;14;34;237,656;99;0;1;2;1;0;0;95;196;25;48;02/05/2023
694;10;5;2;3;235;16;8;32;237,656;99;0;3;0;0;0;0;75;178;25;8;02/05/2023
695;22;5;4;3;291;31;12;40;237,656;99;0;1;1;1;0;1;73;171;25;8;04/05/2023
696;10;5;4;3;179;22;17;40;237,656;99;0;2;2;0;1;0;63;170;22;8;04/05/2023
697;6;5;4;3;225;26;9;28;237,656;99;0;1;1;0;0;2;69;169;24;3;04/05/2023
698;10;5;5;3;330;16;4;28;237,656;99;0;2;0;0;0;0;84;182;25;8;05/05/2023
699;23;5;5;3;235;16;8;32;237,656;99;0;3;0;0;0;0;75;178;25;2;05/05/2023
700;28;5;5;3;291;31;12;40;237,656;99;0;1;1;1;0;1;73;171;25;2;05/05/2023
701;27;5;6;3;179;26;9;30;237,656;99;0;3;0;0;0;0;56;171;19;2;06/05/2023
702;7;5;2;3;361;52;3;28;237,656;99;0;1;1;1;0;4;80;172;27;8;02/05/2023
703;23;5;4;3;155;12;14;34;237,656;99;0;1;2;1;0;0;95;196;25;2;04/05/2023
704;25;5;6;3;179;22;17;40;237,656;99;0;2;2;0;1;0;63;170;22;8;06/05/2023
705;10;5;6;3;155;12;14;34;237,656;99;0;1;2;1;0;0;95;196;25;8;06/05/2023
706;11;5;2;3;225;26;9;28;237,656;99;0;1;1;0;0;2;69;169;24;1;02/05/2023
707;7;6;4;3;118;15;24;46;275,089;96;0;1;2;1;1;0;75;175;25;8;04/06/2023
708;27;6;4;3;179;26;9;30;275,089;96;0;3;0;0;0;0;56;171;19;3;04/06/2023
709;26;6;6;3;118;10;10;37;275,089;96;0;1;0;0;0;0;83;172;28;8;06/06/2023
710;10;6;4;3;118;10;10;37;275,089;96;0;1;0;0;0;0;83;172;28;8;04/06/2023
711;22;6;5;3;378;49;11;36;275,089;96;0;1;2;0;1;4;65;174;21;8;05/06/2023
712;19;6;5;3;118;13;18;50;275,089;96;0;1;1;1;0;0;98;178;31;24;05/06/2023
713;19;6;6;3;233;51;1;31;275,089;96;0;2;1;1;0;8;68;178;21;8;06/06/2023
714;27;6;6;3;179;26;9;30;275,089;96;0;3;0;0;0;0;56;171;19;2;06/06/2023
715;0;6;2;3;235;29;12;48;275,089;96;1;1;1;0;1;5;88;163;33;0;02/06/2023
716;0;6;2;3;268;11;8;33;275,089;96;1;2;0;0;0;0;79;178;25;0;02/06/2023
717;19;6;5;3;118;13;18;50;275,089;96;0;1;1;1;0;0;98;178;31;3;05/06/2023
718;13;6;5;3;179;26;9;30;275,089;96;0;3;0;0;0;0;56;171;19;2;05/06/2023
719;28;6;5;3;291;31;12;40;275,089;96;0;1;1;1;0;1;73;171;25;2;05/06/2023
720;13;6;2;1;179;26;9;30;275,089;96;0;3;0;0;0;0;56;171;19;3;02/06/2023
721;25;6;2;1;118;10;10;37;275,089;96;0;1;0;0;0;0;83;172;28;3;02/06/2023
722;22;6;5;1;233;51;1;31;275,089;96;0;2;1;1;0;8;68;178;21;8;05/06/2023
723;8;6;6;1;118;10;10;37;275,089;96;0;1;0;0;0;0;83;172;28;2;06/06/2023
724;10;6;4;1;118;10;10;37;275,089;96;0;1;0;0;0;0;83;172;28;3;04/06/2023
725;22;6;4;1;233;51;1;31;275,089;96;0;2;1;1;0;8;68;178;21;3;04/06/2023
726;26;7;4;1;235;20;13;43;264,604;93;0;1;1;1;0;0;106;167;38;4;04/07/2023
727;19;7;6;1;233;51;1;31;264,604;93;0;2;1;1;0;8;68;178;21;2;06/07/2023
728;6;7;2;1;228;14;16;58;264,604;93;0;1;2;0;0;1;65;172;22;8;02/07/2023
729;28;7;2;1;118;10;10;37;264,604;93;0;1;0;0;0;0;83;172;28;4;02/07/2023
730;6;7;3;1;228;14;16;58;264,604;93;0;1;2;0;0;1;65;172;22;120;03/07/2023
731;22;7;3;1;189;29;13;33;264,604;93;0;1;2;0;0;2;69;167;25;16;03/07/2023
732;23;7;4;1;118;10;10;37;264,604;93;0;1;0;0;0;0;83;172;28;2;04/07/2023
733;22;7;4;1;361;52;3;28;264,604;93;0;1;1;1;0;4;80;172;27;8;04/07/2023
734;22;7;4;1;225;26;9;28;264,604;93;0;1;1;0;0;2;69;169;24;8;04/07/2023
735;13;7;2;1;369;17;12;31;264,604;93;0;1;3;1;0;0;70;169;25;80;02/07/2023
736;14;7;3;1;289;36;13;33;264,604;93;0;1;2;1;0;1;90;172;30;8;03/07/2023
737;11;7;3;1;235;11;14;37;264,604;93;0;3;1;0;0;1;88;172;29;4;03/07/2023
738;0;0;3;1;118;14;13;40;271,219;95;0;1;1;1;0;8;98;170;34;0;03/12/2022
739;0;0;4;2;231;35;14;39;271,219;95;0;1;2;1;0;2;100;170;35;0;04/12/2022
740;0;0;6;3;179;45;14;53;271,219;95;0;1;1;0;0;1;77;175;25;0;06/12/2022
